{
    "loss": 69.20700073242188,
    "accuracy": 0.48201438784599304
}