{
    "loss": 16.933887481689453,
    "accuracy": 0.5179855823516846
}